{
  "config": {
    "data_path": "Phising_Detection_Dataset.csv",
    "hidden_sizes": [
      128,
      64,
      32
    ],
    "dropout": 0.3,
    "batch_size": 64,
    "epochs": 100,
    "learning_rate": 0.001,
    "model_save_path": "phishing_model.pth"
  },
  "training_history": {
    "train_losses": [
      0.8744390998607829,
      0.8218853090690496,
      0.8070775152851798,
      0.7989419172627266,
      0.7948670583551638,
      0.7925055256911686,
      0.7874893127632653,
      0.7863623267448164,
      0.7846681433544312,
      0.7825911709480362,
      0.7819943154681697,
      0.7813927108013414,
      0.7814096906215532,
      0.7805747345419717,
      0.7786069448405188,
      0.7776428971611997,
      0.7763906297429467,
      0.7755801652318914,
      0.7767995390373936,
      0.7769764181154035,
      0.7709094891965509,
      0.7684935127505514,
      0.7684637845601914,
      0.7684031659728484,
      0.7681466960331323,
      0.7669484705472456,
      0.7644131833318893,
      0.764032242259749,
      0.7636420541645935
    ],
    "val_losses": [
      0.7897124949424776,
      0.755393278792914,
      0.7503962087185448,
      0.7501327291903939,
      0.7397260473562524,
      0.744675595165018,
      0.7422663114326854,
      0.7323284453304599,
      0.7477368632976339,
      0.7490427561994053,
      0.731444023450695,
      0.720473535529667,
      0.7317205968035432,
      0.7422489005492593,
      0.723328663514808,
      0.724078082132397,
      0.7295093960943211,
      0.7407412049422362,
      0.7150133188153348,
      0.7180233742273329,
      0.7215606145677578,
      0.7275417254399621,
      0.7099977023495121,
      0.7248678146642425,
      0.7165185621118373,
      0.7149720482069851,
      0.715336707446486,
      0.7103738789104006,
      0.7163248030498031
    ],
    "val_accuracies": [
      0.7457742227588289,
      0.7555840627829762,
      0.7739586477512829,
      0.7778825837609418,
      0.7773543616057953,
      0.7839760036220947,
      0.7688084817386055,
      0.7729399335949291,
      0.791031542408693,
      0.7925973437971627,
      0.7738831874434048,
      0.7720532749773619,
      0.7637337760338062,
      0.8086326592212496,
      0.7746755206761243,
      0.7768261394506489,
      0.7848815273166314,
      0.797087232115907,
      0.7679784183519469,
      0.7716571083610021,
      0.7886922728644733,
      0.786918955629339,
      0.7719589495925143,
      0.7951063990341081,
      0.7955402958044069,
      0.7885413522487171,
      0.7789956233021431,
      0.7657523392695442,
      0.7839194083911862
    ],
    "val_f1_scores": [
      0.5007409602845287,
      0.5119783034503541,
      0.5251644606483317,
      0.528360839609037,
      0.5291254388764762,
      0.5347202470440047,
      0.5226130653266332,
      0.5286284953395473,
      0.5349120376201872,
      0.5383775613033255,
      0.5294071456615627,
      0.528946239912674,
      0.5211806086557578,
      0.552378430853411,
      0.5304293127850291,
      0.5314851485148515,
      0.5362183267580428,
      0.5427259586769833,
      0.5273796257157131,
      0.5288805853962323,
      0.540169957715834,
      0.5387348388941071,
      0.5310002327927369,
      0.5452794640988068,
      0.5458811698650801,
      0.5414229022624064,
      0.5360947214192373,
      0.5260506126188023,
      0.5372869031267674
    ],
    "best_val_f1": 0.552378430853411
  },
  "test_results": {
    "accuracy": 0.7860080441295211,
    "precision": 0.3991552015447743,
    "recall": 0.8267673232676732,
    "f1_score": 0.5383839041541867,
    "roc_auc": 0.8873146389156954,
    "confusion_matrix": [
      [
        87624,
        24893
      ],
      [
        3465,
        16537
      ]
    ]
  }
}